date,target,missing_period_flag,series_scope
2019-01-01,503,0,system_level
2019-01-02,667,0,system_level
2019-01-03,727,0,system_level
2019-01-04,798,0,system_level
2019-01-05,278,0,system_level
2019-01-06,374,0,system_level
2019-01-07,475,0,system_level
2019-01-08,743,0,system_level
2019-01-09,778,0,system_level
2019-01-10,764,0,system_level
2019-01-11,734,0,system_level
2019-01-12,463,0,system_level
2019-01-13,559,0,system_level
2019-01-14,236,0,system_level
2019-01-15,369,0,system_level
2019-01-16,228,0,system_level
2019-01-17,343,0,system_level
2019-01-18,776,0,system_level
2019-01-19,788,0,system_level
2019-01-20,525,0,system_level
2019-01-21,549,0,system_level
2019-01-22,685,0,system_level
2019-01-23,724,0,system_level
2019-01-24,738,0,system_level
2019-01-25,902,0,system_level
2019-01-26,801,0,system_level
2019-01-27,774,0,system_level
2019-01-28,723,0,system_level
2019-01-29,782,0,system_level
2019-01-30,785,0,system_level
2019-01-31,572,0,system_level
2019-02-01,843,0,system_level
2019-02-02,204,0,system_level
2019-02-03,207,0,system_level
2019-02-04,396,0,system_level
2019-02-05,512,0,system_level
2019-02-06,681,0,system_level
2019-02-07,750,0,system_level
2019-02-08,772,0,system_level
2019-02-09,613,0,system_level
2019-02-10,318,0,system_level
2019-02-11,660,0,system_level
2019-02-12,674,0,system_level
2019-02-13,468,0,system_level
2019-02-14,489,0,system_level
2019-02-15,633,0,system_level
2019-02-16,648,0,system_level
2019-02-17,405,0,system_level
2019-02-18,520,0,system_level
2019-02-19,855,0,system_level
2019-02-20,682,0,system_level
2019-02-21,688,0,system_level
2019-02-22,794,0,system_level
2019-02-23,661,0,system_level
2019-02-24,647,0,system_level
2019-02-25,586,0,system_level
2019-02-26,642,0,system_level
2019-02-27,612,0,system_level
2019-02-28,658,0,system_level
2019-03-01,767,0,system_level
2019-03-02,301,0,system_level
2019-03-03,869,0,system_level
2019-03-04,699,0,system_level
2019-03-05,636,0,system_level
2019-03-06,276,0,system_level
2019-03-07,638,0,system_level
2019-03-08,633,0,system_level
2019-03-09,451,0,system_level
2019-03-10,565,0,system_level
2019-03-11,680,0,system_level
2019-03-12,698,0,system_level
2019-03-13,608,0,system_level
2019-03-14,676,0,system_level
2019-03-15,790,0,system_level
2019-03-16,583,0,system_level
2019-03-17,629,0,system_level
2019-03-18,702,0,system_level
2019-03-19,722,0,system_level
2019-03-20,708,0,system_level
2019-03-21,652,0,system_level
2019-03-22,725,0,system_level
2019-03-23,589,0,system_level
2019-03-24,618,0,system_level
2019-03-25,687,0,system_level
2019-03-26,737,0,system_level
2019-03-27,734,0,system_level
2019-03-28,810,0,system_level
2019-03-29,678,0,system_level
2019-03-30,562,0,system_level
2019-03-31,527,0,system_level
2019-04-01,618,0,system_level
2019-04-02,743,0,system_level
2019-04-03,742,0,system_level
2019-04-04,641,0,system_level
2019-04-05,686,0,system_level
2019-04-06,482,0,system_level
2019-04-07,522,0,system_level
2019-04-08,618,0,system_level
2019-04-09,677,0,system_level
2019-04-10,674,0,system_level
2019-04-11,710,0,system_level
2019-04-12,590,0,system_level
2019-04-13,524,0,system_level
2019-04-14,454,0,system_level
2019-04-15,604,0,system_level
2019-04-16,612,0,system_level
2019-04-17,754,0,system_level
2019-04-18,633,0,system_level
2019-04-19,606,0,system_level
2019-04-20,442,0,system_level
2019-04-21,341,0,system_level
2019-04-22,751,0,system_level
2019-04-23,612,0,system_level
2019-04-24,525,0,system_level
2019-04-25,620,0,system_level
2019-04-26,601,0,system_level
2019-04-27,443,0,system_level
2019-04-28,582,0,system_level
2019-04-29,579,0,system_level
2019-04-30,516,0,system_level
2019-05-01,578,0,system_level
2019-05-02,657,0,system_level
2019-05-03,679,0,system_level
2019-05-04,517,0,system_level
2019-05-05,450,0,system_level
2019-05-06,615,0,system_level
2019-05-07,505,0,system_level
2019-05-08,613,0,system_level
2019-05-09,618,0,system_level
2019-05-10,585,0,system_level
2019-05-11,520,0,system_level
2019-05-12,430,0,system_level
2019-05-13,586,0,system_level
2019-05-14,640,0,system_level
2019-05-15,655,0,system_level
2019-05-16,519,0,system_level
2019-05-17,646,0,system_level
2019-05-18,497,0,system_level
2019-05-19,321,0,system_level
2019-05-20,607,0,system_level
2019-05-21,587,0,system_level
2019-05-22,574,0,system_level
2019-05-23,520,0,system_level
2019-05-24,556,0,system_level
2019-05-25,642,0,system_level
2019-05-26,315,0,system_level
2019-05-27,572,0,system_level
2019-05-28,661,0,system_level
2019-05-29,633,0,system_level
2019-05-30,746,0,system_level
2019-05-31,796,0,system_level
2019-06-01,629,0,system_level
2019-06-02,540,0,system_level
2019-06-03,723,0,system_level
2019-06-04,817,0,system_level
2019-06-05,753,0,system_level
2019-06-06,815,0,system_level
2019-06-07,841,0,system_level
2019-06-08,802,0,system_level
2019-06-09,777,0,system_level
2019-06-10,830,0,system_level
2019-06-11,894,0,system_level
2019-06-12,872,0,system_level
2019-06-13,917,0,system_level
2019-06-14,895,0,system_level
2019-06-15,742,0,system_level
2019-06-16,688,0,system_level
2019-06-17,930,0,system_level
2019-06-18,910,0,system_level
2019-06-19,985,0,system_level
2019-06-20,1016,0,system_level
2019-06-21,998,0,system_level
2019-06-22,884,0,system_level
2019-06-23,892,0,system_level
2019-06-24,1028,0,system_level
2019-06-25,944,0,system_level
2019-06-26,929,0,system_level
2019-06-27,1060,0,system_level
2019-06-28,963,0,system_level
2019-06-29,754,0,system_level
2019-06-30,795,0,system_level
2019-07-01,896,0,system_level
2019-07-02,960,0,system_level
2019-07-03,919,0,system_level
2019-07-04,930,0,system_level
2019-07-05,852,0,system_level
2019-07-06,674,0,system_level
2019-07-07,733,0,system_level
2019-07-08,845,0,system_level
2019-07-09,911,0,system_level
2019-07-10,834,0,system_level
2019-07-11,941,0,system_level
2019-07-12,820,0,system_level
2019-07-13,666,0,system_level
2019-07-14,728,0,system_level
2019-07-15,925,0,system_level
2019-07-16,971,0,system_level
2019-07-17,980,0,system_level
2019-07-18,998,0,system_level
2019-07-19,929,0,system_level
2019-07-20,814,0,system_level
2019-07-21,769,0,system_level
2019-07-22,985,0,system_level
2019-07-23,973,0,system_level
2019-07-24,935,0,system_level
2019-07-25,953,0,system_level
2019-07-26,919,0,system_level
2019-07-27,715,0,system_level
2019-07-28,701,0,system_level
2019-07-29,950,0,system_level
2019-07-30,1035,0,system_level
2019-07-31,900,0,system_level
2019-08-01,1053,0,system_level
2019-08-02,1039,0,system_level
2019-08-03,804,0,system_level
2019-08-04,664,0,system_level
2019-08-05,933,0,system_level
2019-08-06,1118,0,system_level
2019-08-07,976,0,system_level
2019-08-08,1052,0,system_level
2019-08-09,1009,0,system_level
2019-08-10,734,0,system_level
2019-08-11,808,0,system_level
2019-08-12,961,0,system_level
2019-08-13,1099,0,system_level
2019-08-14,982,0,system_level
2019-08-15,1028,0,system_level
2019-08-16,1034,0,system_level
2019-08-17,916,0,system_level
2019-08-18,1210,0,system_level
2019-08-19,952,0,system_level
2019-08-20,1139,0,system_level
2019-08-21,1191,0,system_level
2019-08-22,1181,0,system_level
2019-08-23,1148,0,system_level
2019-08-24,926,0,system_level
2019-08-25,820,0,system_level
2019-08-26,1041,0,system_level
2019-08-27,1126,0,system_level
2019-08-28,1001,0,system_level
2019-08-29,1040,0,system_level
2019-08-30,1067,0,system_level
2019-08-31,818,0,system_level
2019-09-01,851,0,system_level
2019-09-02,800,0,system_level
2019-09-03,1032,0,system_level
2019-09-04,980,0,system_level
2019-09-05,1019,0,system_level
2019-09-06,1006,0,system_level
2019-09-07,921,0,system_level
2019-09-08,852,0,system_level
2019-09-09,964,0,system_level
2019-09-10,1123,0,system_level
2019-09-11,995,0,system_level
2019-09-12,1003,0,system_level
2019-09-13,992,0,system_level
2019-09-14,825,0,system_level
2019-09-15,742,0,system_level
2019-09-16,1014,0,system_level
2019-09-17,1106,0,system_level
2019-09-18,1188,0,system_level
2019-09-19,967,0,system_level
2019-09-20,1128,0,system_level
2019-09-21,882,0,system_level
2019-09-22,932,0,system_level
2019-09-23,1039,0,system_level
2019-09-24,960,0,system_level
2019-09-25,1089,0,system_level
2019-09-26,1047,0,system_level
2019-09-27,964,0,system_level
2019-09-28,644,0,system_level
2019-09-29,747,0,system_level
2019-09-30,890,0,system_level
2019-10-01,924,0,system_level
2019-10-02,944,0,system_level
2019-10-03,964,0,system_level
2019-10-04,955,0,system_level
2019-10-05,755,0,system_level
2019-10-06,2245,0,system_level
2019-10-07,916,0,system_level
2019-10-08,924,0,system_level
2019-10-09,941,0,system_level
2019-10-10,1017,0,system_level
2019-10-11,886,0,system_level
2019-10-12,654,0,system_level
2019-10-13,718,0,system_level
2019-10-14,779,0,system_level
2019-10-15,896,0,system_level
2019-10-16,972,0,system_level
2019-10-17,946,0,system_level
2019-10-18,1009,0,system_level
2019-10-19,702,0,system_level
2019-10-20,689,0,system_level
2019-10-21,983,0,system_level
2019-10-22,931,0,system_level
2019-10-23,972,0,system_level
2019-10-24,953,0,system_level
2019-10-25,873,0,system_level
2019-10-26,684,0,system_level
2019-10-27,702,0,system_level
2019-10-28,948,0,system_level
2019-10-29,1017,0,system_level
2019-10-30,966,0,system_level
2019-10-31,891,0,system_level
2019-11-01,905,0,system_level
2019-11-02,741,0,system_level
2019-11-03,620,0,system_level
2019-11-04,948,0,system_level
2019-11-05,845,0,system_level
2019-11-06,955,0,system_level
2019-11-07,896,0,system_level
2019-11-08,974,0,system_level
2019-11-09,629,0,system_level
2019-11-10,580,0,system_level
2019-11-11,734,0,system_level
2019-11-12,886,0,system_level
2019-11-13,898,0,system_level
2019-11-14,966,0,system_level
2019-11-15,918,0,system_level
2019-11-16,666,0,system_level
2019-11-17,709,0,system_level
2019-11-18,919,0,system_level
2019-11-19,892,0,system_level
2019-11-20,588,0,system_level
2019-11-21,1003,0,system_level
2019-11-22,984,0,system_level
2019-11-23,773,0,system_level
2019-11-24,614,0,system_level
2019-11-25,1023,0,system_level
2019-11-26,996,0,system_level
2019-11-27,365,0,system_level
2019-11-28,110,0,system_level
2019-11-29,514,0,system_level
2019-11-30,471,0,system_level
2019-12-01,537,0,system_level
2019-12-02,794,0,system_level
2019-12-03,863,0,system_level
2019-12-04,495,0,system_level
2019-12-05,902,0,system_level
2019-12-06,746,0,system_level
2019-12-07,552,0,system_level
2019-12-08,399,0,system_level
2019-12-09,770,0,system_level
2019-12-10,853,0,system_level
2019-12-11,807,0,system_level
2019-12-12,937,0,system_level
2019-12-13,961,0,system_level
2019-12-14,607,0,system_level
2019-12-15,474,0,system_level
2019-12-16,801,0,system_level
2019-12-17,880,0,system_level
2019-12-18,877,0,system_level
2019-12-19,879,0,system_level
2019-12-20,825,0,system_level
2019-12-21,592,0,system_level
2019-12-22,442,0,system_level
2019-12-23,398,0,system_level
2019-12-24,512,0,system_level
2019-12-25,303,0,system_level
2019-12-26,455,0,system_level
2019-12-27,700,0,system_level
2019-12-28,650,0,system_level
2019-12-29,536,0,system_level
2019-12-30,804,0,system_level
2019-12-31,805,0,system_level
2020-01-01,526,0,system_level
2020-01-02,844,0,system_level
2020-01-03,924,0,system_level
2020-01-04,634,0,system_level
2020-01-05,605,0,system_level
2020-01-06,926,0,system_level
2020-01-07,939,0,system_level
2020-01-08,946,0,system_level
2020-01-09,882,0,system_level
2020-01-10,1124,0,system_level
2020-01-11,680,0,system_level
2020-01-12,627,0,system_level
2020-01-13,1007,0,system_level
2020-01-14,936,0,system_level
2020-01-15,879,0,system_level
2020-01-16,948,0,system_level
2020-01-17,964,0,system_level
2020-01-18,782,0,system_level
2020-01-19,644,0,system_level
2020-01-20,660,0,system_level
2020-01-21,876,0,system_level
2020-01-22,879,0,system_level
2020-01-23,988,0,system_level
2020-01-24,1044,0,system_level
2020-01-25,751,0,system_level
2020-01-26,647,0,system_level
2020-01-27,1037,0,system_level
2020-01-28,1081,0,system_level
2020-01-29,1077,0,system_level
2020-01-30,1063,0,system_level
2020-01-31,1011,0,system_level
2020-02-01,758,0,system_level
2020-02-02,627,0,system_level
2020-02-03,819,0,system_level
2020-02-04,915,0,system_level
2020-02-05,1011,0,system_level
2020-02-06,1030,0,system_level
2020-02-07,981,0,system_level
2020-02-08,711,0,system_level
2020-02-09,526,0,system_level
2020-02-10,909,0,system_level
2020-02-11,945,0,system_level
2020-02-12,1003,0,system_level
2020-02-13,1084,0,system_level
2020-02-14,1024,0,system_level
2020-02-15,807,0,system_level
2020-02-16,811,0,system_level
2020-02-17,692,0,system_level
2020-02-18,969,0,system_level
2020-02-19,1016,0,system_level
2020-02-20,1132,0,system_level
2020-02-21,1197,0,system_level
2020-02-22,771,0,system_level
2020-02-23,949,0,system_level
2020-02-24,1003,0,system_level
2020-02-25,1186,0,system_level
2020-02-26,1283,0,system_level
2020-02-27,1204,0,system_level
2020-02-28,1165,0,system_level
2020-02-29,926,0,system_level
2020-03-01,631,0,system_level
2020-03-02,979,0,system_level
2020-03-03,1141,0,system_level
2020-03-04,1017,0,system_level
2020-03-05,1069,0,system_level
2020-03-06,1050,0,system_level
2020-03-07,751,0,system_level
2020-03-08,718,0,system_level
2020-03-09,902,0,system_level
2020-03-10,540,0,system_level
2020-03-11,899,0,system_level
2020-03-12,484,0,system_level
2020-03-13,491,0,system_level
2020-03-14,332,0,system_level
2020-03-15,507,0,system_level
2020-03-16,338,0,system_level
2020-03-17,503,0,system_level
2020-03-18,561,0,system_level
2020-03-19,497,0,system_level
2020-03-20,495,0,system_level
2020-03-21,500,0,system_level
2020-03-22,377,0,system_level
2020-03-23,376,0,system_level
2020-03-24,392,0,system_level
2020-03-25,385,0,system_level
2020-03-26,419,0,system_level
2020-03-27,452,0,system_level
2020-03-28,466,0,system_level
2020-03-29,397,0,system_level
2020-03-30,420,0,system_level
2020-03-31,468,0,system_level
2020-04-01,533,0,system_level
2020-04-02,562,0,system_level
2020-04-03,573,0,system_level
2020-04-04,611,0,system_level
2020-04-05,441,0,system_level
2020-04-06,288,0,system_level
2020-04-07,317,0,system_level
2020-04-08,436,0,system_level
2020-04-09,108,0,system_level
2020-04-10,365,0,system_level
2020-04-11,648,0,system_level
2020-04-12,425,0,system_level
2020-04-13,483,0,system_level
2020-04-14,509,0,system_level
2020-04-15,499,0,system_level
2020-04-16,518,0,system_level
2020-04-17,624,0,system_level
2020-04-18,504,0,system_level
2020-04-19,638,0,system_level
2020-04-20,529,0,system_level
2020-04-21,608,0,system_level
2020-04-22,598,0,system_level
2020-04-23,657,0,system_level
2020-04-24,554,0,system_level
2020-04-25,653,0,system_level
2020-04-26,631,0,system_level
2020-04-27,609,0,system_level
2020-04-28,592,0,system_level
2020-04-29,599,0,system_level
2020-04-30,584,0,system_level
2020-05-01,687,0,system_level
2020-05-02,874,0,system_level
2020-05-03,688,0,system_level
2020-05-04,625,0,system_level
2020-05-05,616,0,system_level
2020-05-06,575,0,system_level
2020-05-07,620,0,system_level
2020-05-08,614,0,system_level
2020-05-09,843,0,system_level
2020-05-10,728,0,system_level
2020-05-11,548,0,system_level
2020-05-12,515,0,system_level
2020-05-13,596,0,system_level
2020-05-14,765,0,system_level
2020-05-15,726,0,system_level
2020-05-16,826,0,system_level
2020-05-17,745,0,system_level
2020-05-18,322,0,system_level
2020-05-19,589,0,system_level
2020-05-20,586,0,system_level
2020-05-21,726,0,system_level
2020-05-22,727,0,system_level
2020-05-23,858,0,system_level
2020-05-24,849,0,system_level
2020-05-25,740,0,system_level
2020-05-26,556,0,system_level
2020-05-27,589,0,system_level
2020-05-28,584,0,system_level
2020-05-29,621,0,system_level
2020-05-30,672,0,system_level
2020-05-31,469,0,system_level
2020-06-01,373,0,system_level
2020-06-02,541,0,system_level
2020-06-03,565,0,system_level
2020-06-04,630,0,system_level
2020-06-05,569,0,system_level
2020-06-06,716,0,system_level
2020-06-07,634,0,system_level
2020-06-08,456,0,system_level
2020-06-09,519,0,system_level
2020-06-10,451,0,system_level
2020-06-11,470,0,system_level
2020-06-12,524,0,system_level
2020-06-13,577,0,system_level
2020-06-14,510,0,system_level
2020-06-15,460,0,system_level
2020-06-16,500,0,system_level
2020-06-17,488,0,system_level
2020-06-18,508,0,system_level
2020-06-19,483,0,system_level
2020-06-20,564,0,system_level
2020-06-21,441,0,system_level
2020-06-22,442,0,system_level
2020-06-23,458,0,system_level
2020-06-24,476,0,system_level
2020-06-25,448,0,system_level
2020-06-26,482,0,system_level
2020-06-27,523,0,system_level
2020-06-28,418,0,system_level
2020-06-29,394,0,system_level
2020-06-30,468,0,system_level
2020-07-01,423,0,system_level
2020-07-02,465,0,system_level
2020-07-03,441,0,system_level
2020-07-04,476,0,system_level
2020-07-05,420,0,system_level
2020-07-06,466,0,system_level
2020-07-07,514,0,system_level
2020-07-08,469,0,system_level
2020-07-09,553,0,system_level
2020-07-10,481,0,system_level
2020-07-11,419,0,system_level
2020-07-12,466,0,system_level
2020-07-13,384,0,system_level
2020-07-14,533,0,system_level
2020-07-15,469,0,system_level
2020-07-16,521,0,system_level
2020-07-17,517,0,system_level
2020-07-18,601,0,system_level
2020-07-19,522,0,system_level
2020-07-20,432,0,system_level
2020-07-21,418,0,system_level
2020-07-22,423,0,system_level
2020-07-23,465,0,system_level
2020-07-24,477,0,system_level
2020-07-25,542,0,system_level
2020-07-26,470,0,system_level
2020-07-27,407,0,system_level
2020-07-28,380,0,system_level
2020-07-29,380,0,system_level
2020-07-30,456,0,system_level
2020-07-31,536,0,system_level
2020-08-01,527,0,system_level
2020-08-02,462,0,system_level
2020-08-03,390,0,system_level
2020-08-04,426,0,system_level
2020-08-05,398,0,system_level
2020-08-06,397,0,system_level
2020-08-07,481,0,system_level
2020-08-08,563,0,system_level
2020-08-09,519,0,system_level
2020-08-10,464,0,system_level
2020-08-11,433,0,system_level
2020-08-12,420,0,system_level
2020-08-13,479,0,system_level
2020-08-14,430,0,system_level
2020-08-15,479,0,system_level
2020-08-16,362,0,system_level
2020-08-17,304,0,system_level
2020-08-18,358,0,system_level
2020-08-19,375,0,system_level
2020-08-20,319,0,system_level
2020-08-21,419,0,system_level
2020-08-22,389,0,system_level
2020-08-23,457,0,system_level
2020-08-24,350,0,system_level
2020-08-25,305,0,system_level
2020-08-26,367,0,system_level
2020-08-27,347,0,system_level
2020-08-28,415,0,system_level
2020-08-29,425,0,system_level
2020-08-30,426,0,system_level
2020-08-31,282,0,system_level
2020-09-01,381,0,system_level
2020-09-02,379,0,system_level
2020-09-03,371,0,system_level
2020-09-04,393,0,system_level
2020-09-05,321,0,system_level
2020-09-06,232,0,system_level
2020-09-07,332,0,system_level
2020-09-08,352,0,system_level
2020-09-09,389,0,system_level
2020-09-10,329,0,system_level
2020-09-11,348,0,system_level
2020-09-12,309,0,system_level
2020-09-13,260,0,system_level
2020-09-14,344,0,system_level
2020-09-15,311,0,system_level
2020-09-16,328,0,system_level
2020-09-17,338,0,system_level
2020-09-18,435,0,system_level
2020-09-19,442,0,system_level
2020-09-20,350,0,system_level
2020-09-21,386,0,system_level
2020-09-22,443,0,system_level
2020-09-23,406,0,system_level
2020-09-24,393,0,system_level
2020-09-25,458,0,system_level
2020-09-26,513,0,system_level
2020-09-27,348,0,system_level
2020-09-28,365,0,system_level
2020-09-29,354,0,system_level
2020-09-30,326,0,system_level
2020-10-01,297,0,system_level
2020-10-02,343,0,system_level
2020-10-03,403,0,system_level
2020-10-04,410,0,system_level
2020-10-05,331,0,system_level
2020-10-06,322,0,system_level
2020-10-07,297,0,system_level
2020-10-08,388,0,system_level
2020-10-09,449,0,system_level
2020-10-10,428,0,system_level
2020-10-11,372,0,system_level
2020-10-12,359,0,system_level
2020-10-13,353,0,system_level
2020-10-14,370,0,system_level
2020-10-15,333,0,system_level
2020-10-16,343,0,system_level
2020-10-17,412,0,system_level
2020-10-18,324,0,system_level
2020-10-19,314,0,system_level
2020-10-20,359,0,system_level
2020-10-21,363,0,system_level
2020-10-22,434,0,system_level
2020-10-23,452,0,system_level
2020-10-24,535,0,system_level
2020-10-25,451,0,system_level
2020-10-26,509,0,system_level
2020-10-27,520,0,system_level
2020-10-28,458,0,system_level
2020-10-29,478,0,system_level
2020-10-30,467,0,system_level
2020-10-31,480,0,system_level
2020-11-01,443,0,system_level
2020-11-02,434,0,system_level
2020-11-03,499,0,system_level
2020-11-04,399,0,system_level
2020-11-05,386,0,system_level
2020-11-06,413,0,system_level
2020-11-07,386,0,system_level
2020-11-08,351,0,system_level
2020-11-09,345,0,system_level
2020-11-10,396,0,system_level
2020-11-11,466,0,system_level
2020-11-12,282,0,system_level
2020-11-13,409,0,system_level
2020-11-14,485,0,system_level
2020-11-15,517,0,system_level
2020-11-16,357,0,system_level
2020-11-17,379,0,system_level
2020-11-18,303,0,system_level
2020-11-19,363,0,system_level
2020-11-20,376,0,system_level
2020-11-21,507,0,system_level
2020-11-22,429,0,system_level
2020-11-23,333,0,system_level
2020-11-24,425,0,system_level
2020-11-25,386,0,system_level
2020-11-26,314,0,system_level
2020-11-27,425,0,system_level
2020-11-28,444,0,system_level
2020-11-29,472,0,system_level
2020-11-30,403,0,system_level
2020-12-01,432,0,system_level
2020-12-02,405,0,system_level
2020-12-03,285,0,system_level
2020-12-04,405,0,system_level
2020-12-05,430,0,system_level
2020-12-06,466,0,system_level
2020-12-07,399,0,system_level
2020-12-08,395,0,system_level
2020-12-09,423,0,system_level
2020-12-10,358,0,system_level
2020-12-11,343,0,system_level
2020-12-12,524,0,system_level
2020-12-13,483,0,system_level
2020-12-14,302,0,system_level
2020-12-15,405,0,system_level
2020-12-16,371,0,system_level
2020-12-17,336,0,system_level
2020-12-18,406,0,system_level
2020-12-19,466,0,system_level
2020-12-20,437,0,system_level
2020-12-21,411,0,system_level
2020-12-22,447,0,system_level
2020-12-23,375,0,system_level
2020-12-24,257,0,system_level
2020-12-25,372,0,system_level
2020-12-26,461,0,system_level
2020-12-27,463,0,system_level
2020-12-28,99,0,system_level
2020-12-29,405,0,system_level
2020-12-30,393,0,system_level
2020-12-31,415,0,system_level
2021-01-01,419,0,system_level
2021-01-02,414,0,system_level
2021-01-03,428,0,system_level
2021-01-04,299,0,system_level
2021-01-05,262,0,system_level
2021-01-06,385,0,system_level
2021-01-07,327,0,system_level
2021-01-08,329,0,system_level
2021-01-09,496,0,system_level
2021-01-10,401,0,system_level
2021-01-11,308,0,system_level
2021-01-12,347,0,system_level
2021-01-13,424,0,system_level
2021-01-14,386,0,system_level
2021-01-15,429,0,system_level
2021-01-16,653,0,system_level
2021-01-17,636,0,system_level
2021-01-18,489,0,system_level
2021-01-19,358,0,system_level
2021-01-20,456,0,system_level
2021-01-21,407,0,system_level
2021-01-22,365,0,system_level
2021-01-23,173,0,system_level
2021-01-24,443,0,system_level
2021-01-25,244,0,system_level
2021-01-26,300,0,system_level
2021-01-27,291,0,system_level
2021-01-28,348,0,system_level
2021-01-29,210,0,system_level
2021-01-30,589,0,system_level
2021-01-31,572,0,system_level
2021-02-01,401,0,system_level
2021-02-02,406,0,system_level
2021-02-03,375,0,system_level
2021-02-04,469,0,system_level
2021-02-05,485,0,system_level
2021-02-06,593,0,system_level
2021-02-07,521,0,system_level
2021-02-08,362,0,system_level
2021-02-09,382,0,system_level
2021-02-10,425,0,system_level
2021-02-11,420,0,system_level
2021-02-12,434,0,system_level
2021-02-13,543,0,system_level
2021-02-14,599,0,system_level
2021-02-15,440,0,system_level
2021-02-16,430,0,system_level
2021-02-17,400,0,system_level
2021-02-18,447,0,system_level
2021-02-19,433,0,system_level
2021-02-20,587,0,system_level
2021-02-21,624,0,system_level
2021-02-22,379,0,system_level
2021-02-23,449,0,system_level
2021-02-24,431,0,system_level
2021-02-25,474,0,system_level
2021-02-26,399,0,system_level
2021-02-27,668,0,system_level
2021-02-28,580,0,system_level
2021-03-01,403,0,system_level
2021-03-02,382,0,system_level
2021-03-03,208,0,system_level
2021-03-04,449,0,system_level
2021-03-05,397,0,system_level
2021-03-06,629,0,system_level
2021-03-07,493,0,system_level
2021-03-08,367,0,system_level
2021-03-09,347,0,system_level
2021-03-10,221,0,system_level
2021-03-11,327,0,system_level
2021-03-12,365,0,system_level
2021-03-13,680,0,system_level
2021-03-14,570,0,system_level
2021-03-15,218,0,system_level
2021-03-16,457,0,system_level
2021-03-17,427,0,system_level
2021-03-18,434,0,system_level
2021-03-19,418,0,system_level
2021-03-20,692,0,system_level
2021-03-21,639,0,system_level
2021-03-22,417,0,system_level
2021-03-23,501,0,system_level
2021-03-24,474,0,system_level
2021-03-25,397,0,system_level
2021-03-26,433,0,system_level
2021-03-27,714,0,system_level
2021-03-28,689,0,system_level
2021-03-29,481,0,system_level
2021-03-30,482,0,system_level
2021-03-31,530,0,system_level
2021-04-01,577,0,system_level
2021-04-02,590,0,system_level
2021-04-03,621,0,system_level
2021-04-04,752,0,system_level
2021-04-05,406,0,system_level
2021-04-06,492,0,system_level
2021-04-07,455,0,system_level
2021-04-08,482,0,system_level
2021-04-09,520,0,system_level
2021-04-10,755,0,system_level
2021-04-11,756,0,system_level
2021-04-12,513,0,system_level
2021-04-13,396,0,system_level
2021-04-14,437,0,system_level
2021-04-15,515,0,system_level
2021-04-16,572,0,system_level
2021-04-17,849,0,system_level
2021-04-18,674,0,system_level
2021-04-19,489,0,system_level
2021-04-20,547,0,system_level
2021-04-21,501,0,system_level
2021-04-22,540,0,system_level
2021-04-23,552,0,system_level
2021-04-24,605,0,system_level
2021-04-25,600,0,system_level
2021-04-26,436,0,system_level
2021-04-27,477,0,system_level
2021-04-28,504,0,system_level
2021-04-29,506,0,system_level
2021-04-30,587,0,system_level
2021-05-01,753,0,system_level
2021-05-02,600,0,system_level
2021-05-03,522,0,system_level
2021-05-04,604,0,system_level
2021-05-05,516,0,system_level
2021-05-06,550,0,system_level
2021-05-07,564,0,system_level
2021-05-08,734,0,system_level
2021-05-09,675,0,system_level
2021-05-10,467,0,system_level
2021-05-11,546,0,system_level
2021-05-12,540,0,system_level
2021-05-13,589,0,system_level
2021-05-14,564,0,system_level
2021-05-15,702,0,system_level
2021-05-16,696,0,system_level
2021-05-17,541,0,system_level
2021-05-18,670,0,system_level
2021-05-19,627,0,system_level
2021-05-20,608,0,system_level
2021-05-21,701,0,system_level
2021-05-22,714,0,system_level
2021-05-23,813,0,system_level
2021-05-24,615,0,system_level
2021-05-25,611,0,system_level
2021-05-26,646,0,system_level
2021-05-27,663,0,system_level
2021-05-28,695,0,system_level
2021-05-29,896,0,system_level
2021-05-30,766,0,system_level
2021-05-31,731,0,system_level
2021-06-01,579,0,system_level
2021-06-02,493,0,system_level
2021-06-03,657,0,system_level
2021-06-04,665,0,system_level
2021-06-05,845,0,system_level
2021-06-06,799,0,system_level
2021-06-07,519,0,system_level
2021-06-08,600,0,system_level
2021-06-09,596,0,system_level
2021-06-10,684,0,system_level
2021-06-11,741,0,system_level
2021-06-12,783,0,system_level
2021-06-13,736,0,system_level
2021-06-14,588,0,system_level
2021-06-15,710,0,system_level
2021-06-16,694,0,system_level
2021-06-17,623,0,system_level
2021-06-18,796,0,system_level
2021-06-19,901,0,system_level
2021-06-20,866,0,system_level
2021-06-21,575,0,system_level
2021-06-22,813,0,system_level
2021-06-23,555,0,system_level
2021-06-24,619,0,system_level
2021-06-25,752,0,system_level
2021-06-26,922,0,system_level
2021-06-27,784,0,system_level
2021-06-28,618,0,system_level
2021-06-29,574,0,system_level
2021-06-30,638,0,system_level
2021-07-01,610,0,system_level
2021-07-02,681,0,system_level
2021-07-03,874,0,system_level
2021-07-04,992,0,system_level
2021-07-05,748,0,system_level
2021-07-06,606,0,system_level
2021-07-07,602,0,system_level
2021-07-08,590,0,system_level
2021-07-09,611,0,system_level
2021-07-10,713,0,system_level
2021-07-11,637,0,system_level
2021-07-12,546,0,system_level
2021-07-13,567,0,system_level
2021-07-14,538,0,system_level
2021-07-15,505,0,system_level
2021-07-16,614,0,system_level
2021-07-17,722,0,system_level
2021-07-18,649,0,system_level
2021-07-19,516,0,system_level
2021-07-20,626,0,system_level
2021-07-21,636,0,system_level
2021-07-22,557,0,system_level
2021-07-23,660,0,system_level
2021-07-24,686,0,system_level
2021-07-25,756,0,system_level
2021-07-26,597,0,system_level
2021-07-27,688,0,system_level
2021-07-28,625,0,system_level
2021-07-29,572,0,system_level
2021-07-30,682,0,system_level
2021-07-31,755,0,system_level
2021-08-01,677,0,system_level
2021-08-02,549,0,system_level
2021-08-03,688,0,system_level
2021-08-04,649,0,system_level
2021-08-05,522,0,system_level
2021-08-06,673,0,system_level
2021-08-07,700,0,system_level
2021-08-08,647,0,system_level
2021-08-09,539,0,system_level
2021-08-10,611,0,system_level
2021-08-11,576,0,system_level
2021-08-12,641,0,system_level
2021-08-13,700,0,system_level
2021-08-14,683,0,system_level
2021-08-15,748,0,system_level
2021-08-16,549,0,system_level
2021-08-17,628,0,system_level
2021-08-18,550,0,system_level
2021-08-19,673,0,system_level
2021-08-20,706,0,system_level
2021-08-21,684,0,system_level
2021-08-22,651,0,system_level
2021-08-23,613,0,system_level
2021-08-24,568,0,system_level
2021-08-25,602,0,system_level
2021-08-26,609,0,system_level
2021-08-27,639,0,system_level
2021-08-28,642,0,system_level
2021-08-29,611,0,system_level
2021-08-30,566,0,system_level
2021-08-31,498,0,system_level
2021-09-01,487,0,system_level
2021-09-02,529,0,system_level
2021-09-03,613,0,system_level
2021-09-04,748,0,system_level
2021-09-05,683,0,system_level
2021-09-06,625,0,system_level
2021-09-07,542,0,system_level
2021-09-08,555,0,system_level
2021-09-09,599,0,system_level
2021-09-10,632,0,system_level
2021-09-11,664,0,system_level
2021-09-12,618,0,system_level
2021-09-13,462,0,system_level
2021-09-14,533,0,system_level
2021-09-15,571,0,system_level
2021-09-16,514,0,system_level
2021-09-17,558,0,system_level
2021-09-18,698,0,system_level
2021-09-19,607,0,system_level
2021-09-20,539,0,system_level
2021-09-21,498,0,system_level
2021-09-22,473,0,system_level
2021-09-23,529,0,system_level
2021-09-24,652,0,system_level
2021-09-25,722,0,system_level
2021-09-26,559,0,system_level
2021-09-27,503,0,system_level
2021-09-28,571,0,system_level
2021-09-29,632,0,system_level
2021-09-30,584,0,system_level
2021-10-01,660,0,system_level
2021-10-02,707,0,system_level
2021-10-03,629,0,system_level
2021-10-04,507,0,system_level
2021-10-05,608,0,system_level
2021-10-06,567,0,system_level
2021-10-07,518,0,system_level
2021-10-08,590,0,system_level
2021-10-09,745,0,system_level
2021-10-10,1540,0,system_level
2021-10-11,530,0,system_level
2021-10-12,526,0,system_level
2021-10-13,532,0,system_level
2021-10-14,531,0,system_level
2021-10-15,588,0,system_level
2021-10-16,713,0,system_level
2021-10-17,563,0,system_level
2021-10-18,455,0,system_level
2021-10-19,465,0,system_level
2021-10-20,512,0,system_level
2021-10-21,618,0,system_level
2021-10-22,567,0,system_level
2021-10-23,597,0,system_level
2021-10-24,611,0,system_level
2021-10-25,225,0,system_level
2021-10-26,504,0,system_level
2021-10-27,493,0,system_level
2021-10-28,569,0,system_level
2021-10-29,582,0,system_level
2021-10-30,669,0,system_level
2021-10-31,530,0,system_level
2021-11-01,419,0,system_level
2021-11-02,493,0,system_level
2021-11-03,475,0,system_level
2021-11-04,457,0,system_level
2021-11-05,508,0,system_level
2021-11-06,551,0,system_level
2021-11-07,522,0,system_level
2021-11-08,496,0,system_level
2021-11-09,479,0,system_level
2021-11-10,518,0,system_level
2021-11-11,600,0,system_level
2021-11-12,672,0,system_level
2021-11-13,727,0,system_level
2021-11-14,601,0,system_level
2021-11-15,506,0,system_level
2021-11-16,470,0,system_level
2021-11-17,367,0,system_level
2021-11-18,409,0,system_level
2021-11-19,506,0,system_level
2021-11-20,550,0,system_level
2021-11-21,616,0,system_level
2021-11-22,449,0,system_level
2021-11-23,427,0,system_level
2021-11-24,418,0,system_level
2021-11-25,314,0,system_level
2021-11-26,369,0,system_level
2021-11-27,420,0,system_level
2021-11-28,474,0,system_level
2021-11-29,340,0,system_level
2021-11-30,418,0,system_level
2021-12-01,411,0,system_level
2021-12-02,384,0,system_level
2021-12-03,384,0,system_level
2021-12-04,420,0,system_level
2021-12-05,673,0,system_level
2021-12-06,367,0,system_level
2021-12-07,360,0,system_level
2021-12-08,447,0,system_level
2021-12-09,310,0,system_level
2021-12-10,445,0,system_level
2021-12-11,494,0,system_level
2021-12-12,430,0,system_level
2021-12-13,319,0,system_level
2021-12-14,128,0,system_level
2021-12-15,305,0,system_level
2021-12-16,344,0,system_level
2021-12-17,483,0,system_level
2021-12-18,467,0,system_level
2021-12-19,373,0,system_level
2021-12-20,361,0,system_level
2021-12-21,428,0,system_level
2021-12-22,402,0,system_level
2021-12-23,83,0,system_level
2021-12-24,257,0,system_level
2021-12-25,164,0,system_level
2021-12-26,379,0,system_level
2021-12-27,187,0,system_level
2021-12-28,370,0,system_level
2021-12-29,89,0,system_level
2021-12-30,66,0,system_level
2021-12-31,397,0,system_level
2022-01-01,415,0,system_level
2022-01-02,484,0,system_level
2022-01-03,433,0,system_level
2022-01-04,405,0,system_level
2022-01-05,531,0,system_level
2022-01-06,421,0,system_level
2022-01-07,471,0,system_level
2022-01-08,582,0,system_level
2022-01-09,583,0,system_level
2022-01-10,521,0,system_level
2022-01-11,622,0,system_level
2022-01-12,560,0,system_level
2022-01-13,456,0,system_level
2022-01-14,597,0,system_level
2022-01-15,483,0,system_level
2022-01-16,716,0,system_level
2022-01-17,472,0,system_level
2022-01-18,503,0,system_level
2022-01-19,559,0,system_level
2022-01-20,575,0,system_level
2022-01-21,591,0,system_level
2022-01-22,745,0,system_level
2022-01-23,664,0,system_level
2022-01-24,677,0,system_level
2022-01-25,602,0,system_level
2022-01-26,587,0,system_level
2022-01-27,700,0,system_level
2022-01-28,643,0,system_level
2022-01-29,774,0,system_level
2022-01-30,728,0,system_level
2022-01-31,540,0,system_level
2022-02-01,579,0,system_level
2022-02-02,669,0,system_level
2022-02-03,559,0,system_level
2022-02-04,714,0,system_level
2022-02-05,847,0,system_level
2022-02-06,829,0,system_level
2022-02-07,659,0,system_level
2022-02-08,681,0,system_level
2022-02-09,640,0,system_level
2022-02-10,734,0,system_level
2022-02-11,732,0,system_level
2022-02-12,805,0,system_level
2022-02-13,691,0,system_level
2022-02-14,633,0,system_level
2022-02-15,390,0,system_level
2022-02-16,574,0,system_level
2022-02-17,588,0,system_level
2022-02-18,641,0,system_level
2022-02-19,839,0,system_level
2022-02-20,623,0,system_level
2022-02-21,581,0,system_level
2022-02-22,362,0,system_level
2022-02-23,521,0,system_level
2022-02-24,502,0,system_level
2022-02-25,569,0,system_level
2022-02-26,747,0,system_level
2022-02-27,674,0,system_level
2022-02-28,570,0,system_level
2022-03-01,560,0,system_level
2022-03-02,572,0,system_level
2022-03-03,568,0,system_level
2022-03-04,610,0,system_level
2022-03-05,480,0,system_level
2022-03-06,581,0,system_level
2022-03-07,543,0,system_level
2022-03-08,552,0,system_level
2022-03-09,566,0,system_level
2022-03-10,655,0,system_level
2022-03-11,747,0,system_level
2022-03-12,784,0,system_level
2022-03-13,669,0,system_level
2022-03-14,601,0,system_level
2022-03-15,642,0,system_level
2022-03-16,600,0,system_level
2022-03-17,604,0,system_level
2022-03-18,673,0,system_level
2022-03-19,714,0,system_level
2022-03-20,733,0,system_level
2022-03-21,713,0,system_level
2022-03-22,687,0,system_level
2022-03-23,631,0,system_level
2022-03-24,632,0,system_level
2022-03-25,647,0,system_level
2022-03-26,830,0,system_level
2022-03-27,770,0,system_level
2022-03-28,197,0,system_level
2022-03-29,569,0,system_level
2022-03-30,588,0,system_level
2022-03-31,558,0,system_level
2022-04-01,729,0,system_level
2022-04-02,721,0,system_level
2022-04-03,660,0,system_level
2022-04-04,574,0,system_level
2022-04-05,668,0,system_level
2022-04-06,667,0,system_level
2022-04-07,627,0,system_level
2022-04-08,690,0,system_level
2022-04-09,777,0,system_level
2022-04-10,740,0,system_level
2022-04-11,522,0,system_level
2022-04-12,552,0,system_level
2022-04-13,526,0,system_level
2022-04-14,590,0,system_level
2022-04-15,623,0,system_level
2022-04-16,592,0,system_level
2022-04-17,643,0,system_level
2022-04-18,583,0,system_level
2022-04-19,618,0,system_level
2022-04-20,654,0,system_level
2022-04-21,636,0,system_level
2022-04-22,812,0,system_level
2022-04-23,616,0,system_level
2022-04-24,734,0,system_level
2022-04-25,633,0,system_level
2022-04-26,671,0,system_level
2022-04-27,657,0,system_level
2022-04-28,674,0,system_level
2022-04-29,730,0,system_level
2022-04-30,875,0,system_level
2022-05-01,825,0,system_level
2022-05-02,706,0,system_level
2022-05-03,754,0,system_level
2022-05-04,696,0,system_level
2022-05-05,732,0,system_level
2022-05-06,766,0,system_level
2022-05-07,898,0,system_level
2022-05-08,804,0,system_level
2022-05-09,666,0,system_level
2022-05-10,699,0,system_level
2022-05-11,613,0,system_level
2022-05-12,747,0,system_level
2022-05-13,872,0,system_level
2022-05-14,874,0,system_level
2022-05-15,836,0,system_level
2022-05-16,668,0,system_level
2022-05-17,688,0,system_level
2022-05-18,647,0,system_level
2022-05-19,657,0,system_level
2022-05-20,595,0,system_level
2022-05-21,821,0,system_level
2022-05-22,920,0,system_level
2022-05-23,691,0,system_level
2022-05-24,744,0,system_level
2022-05-25,615,0,system_level
2022-05-26,664,0,system_level
2022-05-27,799,0,system_level
2022-05-28,897,0,system_level
2022-05-29,921,0,system_level
2022-05-30,857,0,system_level
2022-05-31,695,0,system_level
2022-06-01,710,0,system_level
2022-06-02,787,0,system_level
2022-06-03,778,0,system_level
2022-06-04,743,0,system_level
2022-06-05,885,0,system_level
2022-06-06,855,0,system_level
2022-06-07,869,0,system_level
2022-06-08,846,0,system_level
2022-06-09,791,0,system_level
2022-06-10,865,0,system_level
2022-06-11,891,0,system_level
2022-06-12,837,0,system_level
2022-06-13,740,0,system_level
2022-06-14,836,0,system_level
2022-06-15,732,0,system_level
2022-06-16,815,0,system_level
2022-06-17,780,0,system_level
2022-06-18,953,0,system_level
2022-06-19,791,0,system_level
2022-06-20,771,0,system_level
2022-06-21,756,0,system_level
2022-06-22,742,0,system_level
2022-06-23,692,0,system_level
2022-06-24,812,0,system_level
2022-06-25,935,0,system_level
2022-06-26,849,0,system_level
2022-06-27,723,0,system_level
2022-06-28,783,0,system_level
2022-06-29,750,0,system_level
2022-06-30,814,0,system_level
2022-07-01,871,0,system_level
2022-07-02,701,0,system_level
2022-07-03,867,0,system_level
2022-07-04,1025,0,system_level
2022-07-05,762,0,system_level
2022-07-06,754,0,system_level
2022-07-07,858,0,system_level
2022-07-08,801,0,system_level
2022-07-09,898,0,system_level
2022-07-10,1047,0,system_level
2022-07-11,709,0,system_level
2022-07-12,688,0,system_level
2022-07-13,785,0,system_level
2022-07-14,846,0,system_level
2022-07-15,873,0,system_level
2022-07-16,893,0,system_level
2022-07-17,936,0,system_level
2022-07-18,732,0,system_level
2022-07-19,785,0,system_level
2022-07-20,770,0,system_level
2022-07-21,839,0,system_level
2022-07-22,981,0,system_level
2022-07-23,1086,0,system_level
2022-07-24,969,0,system_level
2022-07-25,776,0,system_level
2022-07-26,875,0,system_level
2022-07-27,776,0,system_level
2022-07-28,879,0,system_level
2022-07-29,951,0,system_level
2022-07-30,926,0,system_level
2022-07-31,844,0,system_level
2022-08-01,760,0,system_level
2022-08-02,803,0,system_level
2022-08-03,830,0,system_level
2022-08-04,846,0,system_level
2022-08-05,912,0,system_level
2022-08-06,1094,0,system_level
2022-08-07,912,0,system_level
2022-08-08,980,0,system_level
2022-08-09,796,0,system_level
2022-08-10,830,0,system_level
2022-08-11,812,0,system_level
2022-08-12,889,0,system_level
2022-08-13,861,0,system_level
2022-08-14,936,0,system_level
2022-08-15,812,0,system_level
2022-08-16,877,0,system_level
2022-08-17,844,0,system_level
2022-08-18,875,0,system_level
2022-08-19,920,0,system_level
2022-08-20,878,0,system_level
2022-08-21,1820,0,system_level
2022-08-22,880,0,system_level
2022-08-23,869,0,system_level
2022-08-24,827,0,system_level
2022-08-25,869,0,system_level
2022-08-26,861,0,system_level
2022-08-27,1020,0,system_level
2022-08-28,938,0,system_level
2022-08-29,806,0,system_level
2022-08-30,768,0,system_level
2022-08-31,812,0,system_level
2022-09-01,738,0,system_level
2022-09-02,934,0,system_level
2022-09-03,865,0,system_level
2022-09-04,912,0,system_level
2022-09-05,734,0,system_level
2022-09-06,719,0,system_level
2022-09-07,702,0,system_level
2022-09-08,804,0,system_level
2022-09-09,665,0,system_level
2022-09-10,910,0,system_level
2022-09-11,954,0,system_level
2022-09-12,862,0,system_level
2022-09-13,969,0,system_level
2022-09-14,1001,0,system_level
2022-09-15,1022,0,system_level
2022-09-16,1094,0,system_level
2022-09-17,1361,0,system_level
2022-09-18,1168,0,system_level
2022-09-19,1036,0,system_level
2022-09-20,1005,0,system_level
2022-09-21,982,0,system_level
2022-09-22,1011,0,system_level
2022-09-23,1203,0,system_level
2022-09-24,1246,0,system_level
2022-09-25,1038,0,system_level
2022-09-26,1049,0,system_level
2022-09-27,990,0,system_level
2022-09-28,989,0,system_level
2022-09-29,1005,0,system_level
2022-09-30,1048,0,system_level
2022-10-01,1206,0,system_level
2022-10-02,1103,0,system_level
2022-10-03,921,0,system_level
2022-10-04,1002,0,system_level
2022-10-05,953,0,system_level
2022-10-06,948,0,system_level
2022-10-07,1041,0,system_level
2022-10-08,1220,0,system_level
2022-10-09,2289,0,system_level
2022-10-10,931,0,system_level
2022-10-11,995,0,system_level
2022-10-12,991,0,system_level
2022-10-13,948,0,system_level
2022-10-14,1104,0,system_level
2022-10-15,926,0,system_level
2022-10-16,1039,0,system_level
2022-10-17,865,0,system_level
2022-10-18,923,0,system_level
2022-10-19,947,0,system_level
2022-10-20,909,0,system_level
2022-10-21,1091,0,system_level
2022-10-22,1123,0,system_level
2022-10-23,1039,0,system_level
2022-10-24,958,0,system_level
2022-10-25,1065,0,system_level
2022-10-26,1137,0,system_level
2022-10-27,1022,0,system_level
2022-10-28,1130,0,system_level
2022-10-29,1071,0,system_level
2022-10-30,996,0,system_level
2022-10-31,850,0,system_level
2022-11-01,847,0,system_level
2022-11-02,588,0,system_level
2022-11-03,771,0,system_level
2022-11-04,930,0,system_level
2022-11-05,1057,0,system_level
2022-11-06,913,0,system_level
2022-11-07,491,0,system_level
2022-11-08,434,0,system_level
2022-11-09,793,0,system_level
2022-11-10,815,0,system_level
2022-11-11,935,0,system_level
2022-11-12,950,0,system_level
2022-11-13,953,0,system_level
2022-11-14,869,0,system_level
2022-11-15,884,0,system_level
2022-11-16,774,0,system_level
2022-11-17,830,0,system_level
2022-11-18,853,0,system_level
2022-11-19,946,0,system_level
2022-11-20,785,0,system_level
2022-11-21,809,0,system_level
2022-11-22,721,0,system_level
2022-11-23,694,0,system_level
2022-11-24,627,0,system_level
2022-11-25,770,0,system_level
2022-11-26,871,0,system_level
2022-11-27,837,0,system_level
2022-11-28,641,0,system_level
2022-11-29,718,0,system_level
2022-11-30,657,0,system_level
2022-12-01,633,0,system_level
2022-12-02,483,0,system_level
2022-12-03,1000,0,system_level
2022-12-04,896,0,system_level
2022-12-05,844,0,system_level
2022-12-06,748,0,system_level
2022-12-07,731,0,system_level
2022-12-08,821,0,system_level
2022-12-09,823,0,system_level
2022-12-10,837,0,system_level
2022-12-11,554,0,system_level
2022-12-12,623,0,system_level
2022-12-13,729,0,system_level
2022-12-14,666,0,system_level
2022-12-15,737,0,system_level
2022-12-16,794,0,system_level
2022-12-17,785,0,system_level
2022-12-18,666,0,system_level
2022-12-19,780,0,system_level
2022-12-20,645,0,system_level
2022-12-21,714,0,system_level
2022-12-22,646,0,system_level
2022-12-23,680,0,system_level
2022-12-24,772,0,system_level
2022-12-25,884,0,system_level
2022-12-26,806,0,system_level
2022-12-27,384,0,system_level
2022-12-28,851,0,system_level
2022-12-29,726,0,system_level
2022-12-30,682,0,system_level
2022-12-31,252,0,system_level
2023-01-01,630,0,system_level
2023-01-02,477,0,system_level
2023-01-03,572,0,system_level
2023-01-04,299,0,system_level
2023-01-05,475,0,system_level
2023-01-06,842,0,system_level
2023-01-07,827,0,system_level
2023-01-08,828,0,system_level
2023-01-09,166,0,system_level
2023-01-10,510,0,system_level
2023-01-11,766,0,system_level
2023-01-12,944,0,system_level
2023-01-13,975,0,system_level
2023-01-14,196,0,system_level
2023-01-15,615,0,system_level
2023-01-16,684,0,system_level
2023-01-17,835,0,system_level
2023-01-18,729,0,system_level
2023-01-19,818,0,system_level
2023-01-20,913,0,system_level
2023-01-21,1104,0,system_level
2023-01-22,824,0,system_level
2023-01-23,711,0,system_level
2023-01-24,858,0,system_level
2023-01-25,786,0,system_level
2023-01-26,915,0,system_level
2023-01-27,1026,0,system_level
2023-01-28,1095,0,system_level
2023-01-29,833,0,system_level
2023-01-30,595,0,system_level
2023-01-31,899,0,system_level
2023-02-01,858,0,system_level
2023-02-02,854,0,system_level
2023-02-03,912,0,system_level
2023-02-04,1288,0,system_level
2023-02-05,964,0,system_level
2023-02-06,915,0,system_level
2023-02-07,948,0,system_level
2023-02-08,940,0,system_level
2023-02-09,957,0,system_level
2023-02-10,1065,0,system_level
2023-02-11,973,0,system_level
2023-02-12,939,0,system_level
2023-02-13,851,0,system_level
2023-02-14,861,0,system_level
2023-02-15,877,0,system_level
2023-02-16,887,0,system_level
2023-02-17,934,0,system_level
2023-02-18,992,0,system_level
2023-02-19,1093,0,system_level
2023-02-20,1041,0,system_level
2023-02-21,906,0,system_level
2023-02-22,738,0,system_level
2023-02-23,634,0,system_level
2023-02-24,147,0,system_level
2023-02-25,223,0,system_level
2023-02-26,732,0,system_level
2023-02-27,423,0,system_level
2023-02-28,640,0,system_level
2023-03-01,618,0,system_level
2023-03-02,860,0,system_level
2023-03-03,849,0,system_level
2023-03-04,979,0,system_level
2023-03-05,721,0,system_level
2023-03-06,863,0,system_level
2023-03-07,798,0,system_level
2023-03-08,836,0,system_level
2023-03-09,834,0,system_level
2023-03-10,248,0,system_level
2023-03-11,610,0,system_level
2023-03-12,891,0,system_level
2023-03-13,889,0,system_level
2023-03-14,286,0,system_level
2023-03-15,644,0,system_level
2023-03-16,931,0,system_level
2023-03-17,943,0,system_level
2023-03-18,1146,0,system_level
2023-03-19,600,0,system_level
2023-03-20,809,0,system_level
2023-03-21,306,0,system_level
2023-03-22,527,0,system_level
2023-03-23,825,0,system_level
2023-03-24,890,0,system_level
2023-03-25,1109,0,system_level
2023-03-26,984,0,system_level
2023-03-27,930,0,system_level
2023-03-28,1003,0,system_level
2023-03-29,732,0,system_level
2023-03-30,644,0,system_level
2023-03-31,937,0,system_level
2023-04-01,1143,0,system_level
2023-04-02,1056,0,system_level
2023-04-03,699,0,system_level
2023-04-04,808,0,system_level
2023-04-05,889,0,system_level
2023-04-06,966,0,system_level
2023-04-07,1066,0,system_level
2023-04-08,1126,0,system_level
2023-04-09,937,0,system_level
2023-04-10,891,0,system_level
2023-04-11,906,0,system_level
2023-04-12,817,0,system_level
2023-04-13,809,0,system_level
2023-04-14,889,0,system_level
2023-04-15,1157,0,system_level
2023-04-16,1233,0,system_level
2023-04-17,910,0,system_level
2023-04-18,942,0,system_level
2023-04-19,1011,0,system_level
2023-04-20,1150,0,system_level
2023-04-21,1180,0,system_level
2023-04-22,1475,0,system_level
2023-04-23,1230,0,system_level
2023-04-24,931,0,system_level
2023-04-25,985,0,system_level
2023-04-26,929,0,system_level
2023-04-27,990,0,system_level
2023-04-28,1057,0,system_level
2023-04-29,1089,0,system_level
2023-04-30,1065,0,system_level
2023-05-01,1052,0,system_level
2023-05-02,1133,0,system_level
2023-05-03,1221,0,system_level
2023-05-04,1041,0,system_level
2023-05-05,1167,0,system_level
2023-05-06,1375,0,system_level
2023-05-07,1340,0,system_level
2023-05-08,1180,0,system_level
2023-05-09,1087,0,system_level
2023-05-10,1191,0,system_level
2023-05-11,1281,0,system_level
2023-05-12,1225,0,system_level
2023-05-13,1301,0,system_level
2023-05-14,1236,0,system_level
2023-05-15,1018,0,system_level
2023-05-16,1183,0,system_level
2023-05-17,1103,0,system_level
2023-05-18,1299,0,system_level
2023-05-19,1321,0,system_level
2023-05-20,1377,0,system_level
2023-05-21,1421,0,system_level
2023-05-22,1072,0,system_level
2023-05-23,1122,0,system_level
2023-05-24,1094,0,system_level
2023-05-25,1282,0,system_level
2023-05-26,1281,0,system_level
2023-05-27,1745,0,system_level
2023-05-28,1395,0,system_level
2023-05-29,1530,0,system_level
2023-05-30,1186,0,system_level
2023-05-31,1180,0,system_level
2023-06-01,1151,0,system_level
2023-06-02,1274,0,system_level
2023-06-03,1631,0,system_level
2023-06-04,1363,0,system_level
2023-06-05,1029,0,system_level
2023-06-06,1180,0,system_level
2023-06-07,1341,0,system_level
2023-06-08,1344,0,system_level
2023-06-09,1334,0,system_level
2023-06-10,1227,0,system_level
2023-06-11,1258,0,system_level
2023-06-12,1226,0,system_level
2023-06-13,1072,0,system_level
2023-06-14,1118,0,system_level
2023-06-15,1169,0,system_level
2023-06-16,1379,0,system_level
2023-06-17,1578,0,system_level
2023-06-18,1831,0,system_level
2023-06-19,1206,0,system_level
2023-06-20,1302,0,system_level
2023-06-21,1300,0,system_level
2023-06-22,1208,0,system_level
2023-06-23,1338,0,system_level
2023-06-24,1572,0,system_level
2023-06-25,1408,0,system_level
2023-06-26,1158,0,system_level
2023-06-27,1250,0,system_level
2023-06-28,1136,0,system_level
2023-06-29,1196,0,system_level
2023-06-30,1337,0,system_level
2023-07-01,1276,0,system_level
2023-07-02,1285,0,system_level
2023-07-03,1509,0,system_level
2023-07-04,1522,0,system_level
2023-07-05,1180,0,system_level
2023-07-06,1138,0,system_level
2023-07-07,1206,0,system_level
2023-07-08,1372,0,system_level
2023-07-09,1251,0,system_level
2023-07-10,1193,0,system_level
2023-07-11,1238,0,system_level
2023-07-12,1155,0,system_level
2023-07-13,1329,0,system_level
2023-07-14,1264,0,system_level
2023-07-15,1343,0,system_level
2023-07-16,1433,0,system_level
2023-07-17,1257,0,system_level
2023-07-18,1318,0,system_level
2023-07-19,1218,0,system_level
2023-07-20,1327,0,system_level
2023-07-21,1423,0,system_level
2023-07-22,1487,0,system_level
2023-07-23,1263,0,system_level
2023-07-24,1242,0,system_level
2023-07-25,1254,0,system_level
2023-07-26,1295,0,system_level
2023-07-27,1257,0,system_level
2023-07-28,1288,0,system_level
2023-07-29,1369,0,system_level
2023-07-30,1327,0,system_level
2023-07-31,1199,0,system_level
2023-08-01,1341,0,system_level
2023-08-02,1332,0,system_level
2023-08-03,1335,0,system_level
2023-08-04,1368,0,system_level
2023-08-05,1573,0,system_level
2023-08-06,1347,0,system_level
2023-08-07,1302,0,system_level
2023-08-08,1336,0,system_level
2023-08-09,1227,0,system_level
2023-08-10,1411,0,system_level
2023-08-11,1479,0,system_level
2023-08-12,1476,0,system_level
2023-08-13,1481,0,system_level
2023-08-14,1344,0,system_level
2023-08-15,1435,0,system_level
2023-08-16,1439,0,system_level
2023-08-17,1315,0,system_level
2023-08-18,1453,0,system_level
2023-08-19,1480,0,system_level
2023-08-20,195,0,system_level
2023-08-21,1177,0,system_level
2023-08-22,1312,0,system_level
2023-08-23,1343,0,system_level
2023-08-24,1334,0,system_level
2023-08-25,1389,0,system_level
2023-08-26,1399,0,system_level
2023-08-27,1310,0,system_level
2023-08-28,1330,0,system_level
2023-08-29,1363,0,system_level
2023-08-30,1087,0,system_level
2023-08-31,1472,0,system_level
2023-09-01,1650,0,system_level
2023-09-02,1461,0,system_level
2023-09-03,1668,0,system_level
2023-09-04,1588,0,system_level
2023-09-05,1511,0,system_level
2023-09-06,1519,0,system_level
2023-09-07,1466,0,system_level
2023-09-08,1478,0,system_level
2023-09-09,1527,0,system_level
2023-09-10,1454,0,system_level
2023-09-11,1402,0,system_level
2023-09-12,1584,0,system_level
2023-09-13,1582,0,system_level
2023-09-14,1595,0,system_level
2023-09-15,1643,0,system_level
2023-09-16,1416,0,system_level
2023-09-17,1403,0,system_level
2023-09-18,1601,0,system_level
2023-09-19,1546,0,system_level
2023-09-20,1571,0,system_level
2023-09-21,1425,0,system_level
2023-09-22,1690,0,system_level
2023-09-23,1699,0,system_level
2023-09-24,1803,0,system_level
2023-09-25,1570,0,system_level
2023-09-26,1706,0,system_level
2023-09-27,1839,0,system_level
2023-09-28,1625,0,system_level
2023-09-29,1652,0,system_level
2023-09-30,1615,0,system_level
2023-10-01,1546,0,system_level
2023-10-02,1631,0,system_level
2023-10-03,1658,0,system_level
2023-10-04,1796,0,system_level
2023-10-05,1694,0,system_level
2023-10-06,1685,0,system_level
2023-10-07,1602,0,system_level
2023-10-08,1494,0,system_level
2023-10-09,1485,0,system_level
2023-10-10,1581,0,system_level
2023-10-11,1628,0,system_level
2023-10-12,1716,0,system_level
2023-10-13,1698,0,system_level
2023-10-14,1686,0,system_level
2023-10-15,2741,0,system_level
2023-10-16,1430,0,system_level
2023-10-17,1503,0,system_level
2023-10-18,1464,0,system_level
2023-10-19,1532,0,system_level
2023-10-20,1547,0,system_level
2023-10-21,1556,0,system_level
2023-10-22,1371,0,system_level
2023-10-23,1347,0,system_level
2023-10-24,1488,0,system_level
2023-10-25,1373,0,system_level
2023-10-26,1489,0,system_level
2023-10-27,1491,0,system_level
2023-10-28,1632,0,system_level
2023-10-29,1537,0,system_level
2023-10-30,1598,0,system_level
2023-10-31,1411,0,system_level
2023-11-01,1493,0,system_level
2023-11-02,1580,0,system_level
2023-11-03,1439,0,system_level
2023-11-04,1486,0,system_level
2023-11-05,1321,0,system_level
2023-11-06,1396,0,system_level
2023-11-07,1522,0,system_level
2023-11-08,1422,0,system_level
2023-11-09,1571,0,system_level
2023-11-10,1491,0,system_level
2023-11-11,1620,0,system_level
2023-11-12,1411,0,system_level
2023-11-13,1301,0,system_level
2023-11-14,1511,0,system_level
2023-11-15,828,0,system_level
2023-11-16,1421,0,system_level
2023-11-17,1485,0,system_level
2023-11-18,1327,0,system_level
2023-11-19,1328,0,system_level
2023-11-20,1389,0,system_level
2023-11-21,1492,0,system_level
2023-11-22,1399,0,system_level
2023-11-23,1061,0,system_level
2023-11-24,1109,0,system_level
2023-11-25,1274,0,system_level
2023-11-26,1188,0,system_level
2023-11-27,1332,0,system_level
2023-11-28,1337,0,system_level
2023-11-29,1284,0,system_level
2023-11-30,1420,0,system_level
2023-12-01,1275,0,system_level
2023-12-02,1384,0,system_level
2023-12-03,1418,0,system_level
2023-12-04,1284,0,system_level
2023-12-05,1405,0,system_level
2023-12-06,1273,0,system_level
2023-12-07,1404,0,system_level
2023-12-08,1369,0,system_level
2023-12-09,1310,0,system_level
2023-12-10,1268,0,system_level
2023-12-11,1295,0,system_level
2023-12-12,1337,0,system_level
2023-12-13,1175,0,system_level
2023-12-14,1209,0,system_level
2023-12-15,1195,0,system_level
2023-12-16,1201,0,system_level
2023-12-17,1228,0,system_level
2023-12-18,1163,0,system_level
2023-12-19,968,0,system_level
2023-12-20,488,0,system_level
2023-12-21,635,0,system_level
2023-12-22,971,0,system_level
2023-12-23,1104,0,system_level
2023-12-24,1054,0,system_level
2023-12-25,719,0,system_level
2023-12-26,1111,0,system_level
2023-12-27,1196,0,system_level
2023-12-28,1204,0,system_level
2023-12-29,1235,0,system_level
2023-12-30,996,0,system_level
2023-12-31,1141,0,system_level
2024-01-01,1185,0,system_level
2024-01-02,1017,0,system_level
2024-01-03,1079,0,system_level
2024-01-04,1170,0,system_level
2024-01-05,1122,0,system_level
2024-01-06,1146,0,system_level
2024-01-07,1078,0,system_level
2024-01-08,1186,0,system_level
2024-01-09,1142,0,system_level
2024-01-10,1181,0,system_level
2024-01-11,1217,0,system_level
2024-01-12,1351,0,system_level
2024-01-13,1230,0,system_level
2024-01-14,1363,0,system_level
2024-01-15,1508,0,system_level
2024-01-16,1336,0,system_level
2024-01-17,1374,0,system_level
2024-01-18,1414,0,system_level
2024-01-19,1593,0,system_level
2024-01-20,611,0,system_level
2024-01-21,1231,0,system_level
2024-01-22,572,0,system_level
2024-01-23,1414,0,system_level
2024-01-24,1319,0,system_level
2024-01-25,1386,0,system_level
2024-01-26,1532,0,system_level
2024-01-27,1613,0,system_level
2024-01-28,1680,0,system_level
2024-01-29,1529,0,system_level
2024-01-30,1620,0,system_level
2024-01-31,1613,0,system_level
2024-02-01,1034,0,system_level
2024-02-02,1473,0,system_level
2024-02-03,1344,0,system_level
2024-02-04,461,0,system_level
2024-02-05,166,0,system_level
2024-02-06,262,0,system_level
2024-02-07,986,0,system_level
2024-02-08,1205,0,system_level
2024-02-09,1376,0,system_level
2024-02-10,1500,0,system_level
2024-02-11,1270,0,system_level
2024-02-12,1386,0,system_level
2024-02-13,1505,0,system_level
2024-02-14,1595,0,system_level
2024-02-15,1341,0,system_level
2024-02-16,1503,0,system_level
2024-02-17,1404,0,system_level
2024-02-18,1293,0,system_level
2024-02-19,339,0,system_level
2024-02-20,515,0,system_level
2024-02-21,1371,0,system_level
2024-02-22,1571,0,system_level
2024-02-23,1515,0,system_level
2024-02-24,1575,0,system_level
2024-02-25,1765,0,system_level
2024-02-26,1040,0,system_level
2024-02-27,1433,0,system_level
2024-02-28,1569,0,system_level
2024-02-29,1487,0,system_level
2024-03-01,1544,0,system_level
2024-03-02,810,0,system_level
2024-03-03,1289,0,system_level
2024-03-04,1438,0,system_level
2024-03-05,1505,0,system_level
2024-03-06,850,0,system_level
2024-03-07,1434,0,system_level
2024-03-08,1466,0,system_level
2024-03-09,1550,0,system_level
2024-03-10,1367,0,system_level
2024-03-11,1282,0,system_level
2024-03-12,1440,0,system_level
2024-03-13,1461,0,system_level
2024-03-14,1460,0,system_level
2024-03-15,1517,0,system_level
2024-03-16,1579,0,system_level
2024-03-17,1813,0,system_level
2024-03-18,1502,0,system_level
2024-03-19,1603,0,system_level
2024-03-20,1604,0,system_level
2024-03-21,1485,0,system_level
2024-03-22,1556,0,system_level
2024-03-23,1055,0,system_level
2024-03-24,1103,0,system_level
2024-03-25,1298,0,system_level
2024-03-26,1418,0,system_level
2024-03-27,1584,0,system_level
2024-03-28,1560,0,system_level
2024-03-29,1405,0,system_level
2024-03-30,566,0,system_level
2024-03-31,1020,0,system_level
2024-04-01,1463,0,system_level
2024-04-02,1631,0,system_level
2024-04-03,1561,0,system_level
2024-04-04,1310,0,system_level
2024-04-05,1071,0,system_level
2024-04-06,1318,0,system_level
2024-04-07,1356,0,system_level
2024-04-08,1278,0,system_level
2024-04-09,1483,0,system_level
2024-04-10,1510,0,system_level
2024-04-11,1579,0,system_level
2024-04-12,1151,0,system_level
2024-04-13,851,0,system_level
2024-04-14,665,0,system_level
2024-04-15,1450,0,system_level
2024-04-16,1499,0,system_level
2024-04-17,1577,0,system_level
2024-04-18,1455,0,system_level
2024-04-19,1541,0,system_level
2024-04-20,1620,0,system_level
2024-04-21,2634,0,system_level
2024-04-22,1561,0,system_level
2024-04-23,1592,0,system_level
2024-04-24,1487,0,system_level
2024-04-25,1358,0,system_level
2024-04-26,1462,0,system_level
2024-04-27,1744,0,system_level
2024-04-28,1738,0,system_level
2024-04-29,1506,0,system_level
2024-04-30,1645,0,system_level
2024-05-01,1682,0,system_level
2024-05-02,1730,0,system_level
2024-05-03,1795,0,system_level
2024-05-04,1760,0,system_level
2024-05-05,1689,0,system_level
2024-05-06,1682,0,system_level
2024-05-07,1712,0,system_level
2024-05-08,1662,0,system_level
2024-05-09,1783,0,system_level
2024-05-10,1700,0,system_level
2024-05-11,1738,0,system_level
2024-05-12,1623,0,system_level
2024-05-13,1523,0,system_level
2024-05-14,1493,0,system_level
2024-05-15,1353,0,system_level
2024-05-16,1747,0,system_level
2024-05-17,1770,0,system_level
2024-05-18,1760,0,system_level
2024-05-19,1699,0,system_level
2024-05-20,1607,0,system_level
2024-05-21,1735,0,system_level
2024-05-22,1612,0,system_level
2024-05-23,1572,0,system_level
2024-05-24,1774,0,system_level
2024-05-25,1861,0,system_level
2024-05-26,1851,0,system_level
2024-05-27,1693,0,system_level
2024-05-28,1643,0,system_level
2024-05-29,1634,0,system_level
2024-05-30,1693,0,system_level
2024-05-31,1684,0,system_level
2024-06-01,1765,0,system_level
2024-06-02,1612,0,system_level
2024-06-03,1374,0,system_level
2024-06-04,1623,0,system_level
2024-06-05,1633,0,system_level
2024-06-06,1706,0,system_level
2024-06-07,1663,0,system_level
2024-06-08,1615,0,system_level
2024-06-09,1634,0,system_level
2024-06-10,1536,0,system_level
2024-06-11,1505,0,system_level
2024-06-12,1493,0,system_level
2024-06-13,1420,0,system_level
2024-06-14,1524,0,system_level
2024-06-15,1602,0,system_level
2024-06-16,1414,0,system_level
2024-06-17,1427,0,system_level
2024-06-18,1394,0,system_level
2024-06-19,1476,0,system_level
2024-06-20,1311,0,system_level
2024-06-21,1434,0,system_level
2024-06-22,1849,0,system_level
2024-06-23,1686,0,system_level
2024-06-24,1284,0,system_level
2024-06-25,1286,0,system_level
2024-06-26,1253,0,system_level
2024-06-27,1429,0,system_level
2024-06-28,1348,0,system_level
2024-06-29,1342,0,system_level
2024-06-30,1252,0,system_level
2024-07-01,1290,0,system_level
2024-07-02,1387,0,system_level
2024-07-03,1408,0,system_level
2024-07-04,1824,0,system_level
2024-07-05,1335,0,system_level
2024-07-06,1568,0,system_level
2024-07-07,1365,0,system_level
2024-07-08,1281,0,system_level
2024-07-09,1210,0,system_level
2024-07-10,1284,0,system_level
2024-07-11,1319,0,system_level
2024-07-12,1249,0,system_level
2024-07-13,1397,0,system_level
2024-07-14,1346,0,system_level
2024-07-15,1191,0,system_level
2024-07-16,1243,0,system_level
2024-07-17,1262,0,system_level
2024-07-18,1376,0,system_level
2024-07-19,1313,0,system_level
2024-07-20,1377,0,system_level
2024-07-21,1551,0,system_level
2024-07-22,1299,0,system_level
2024-07-23,1434,0,system_level
2024-07-24,1351,0,system_level
2024-07-25,1315,0,system_level
2024-07-26,1351,0,system_level
2024-07-27,1445,0,system_level
2024-07-28,1378,0,system_level
2024-07-29,1190,0,system_level
2024-07-30,1296,0,system_level
2024-07-31,1214,0,system_level
2024-08-01,1254,0,system_level
2024-08-02,1297,0,system_level
2024-08-03,1373,0,system_level
2024-08-04,1402,0,system_level
2024-08-05,1102,0,system_level
2024-08-06,1224,0,system_level
2024-08-07,1257,0,system_level
2024-08-08,1313,0,system_level
2024-08-09,1256,0,system_level
2024-08-10,1338,0,system_level
2024-08-11,1405,0,system_level
2024-08-12,1204,0,system_level
2024-08-13,1216,0,system_level
2024-08-14,1307,0,system_level
2024-08-15,1304,0,system_level
2024-08-16,1447,0,system_level
2024-08-17,1427,0,system_level
2024-08-18,2338,0,system_level
2024-08-19,1194,0,system_level
2024-08-20,1276,0,system_level
2024-08-21,1295,0,system_level
2024-08-22,1388,0,system_level
2024-08-23,1547,0,system_level
2024-08-24,1427,0,system_level
2024-08-25,1325,0,system_level
2024-08-26,1292,0,system_level
2024-08-27,1535,0,system_level
2024-08-28,1476,0,system_level
2024-08-29,1442,0,system_level
2024-08-30,1447,0,system_level
2024-08-31,1456,0,system_level
2024-09-01,1670,0,system_level
2024-09-02,1564,0,system_level
2024-09-03,1396,0,system_level
2024-09-04,1433,0,system_level
2024-09-05,1473,0,system_level
2024-09-06,1354,0,system_level
2024-09-07,1422,0,system_level
2024-09-08,1180,0,system_level
2024-09-09,1207,0,system_level
2024-09-10,1380,0,system_level
2024-09-11,1586,0,system_level
2024-09-12,1678,0,system_level
2024-09-13,1646,0,system_level
2024-09-14,1781,0,system_level
2024-09-15,1682,0,system_level
2024-09-16,1440,0,system_level
2024-09-17,1589,0,system_level
2024-09-18,1507,0,system_level
2024-09-19,1522,0,system_level
2024-09-20,1775,0,system_level
2024-09-21,1688,0,system_level
2024-09-22,1733,0,system_level
2024-09-23,1692,0,system_level
2024-09-24,1887,0,system_level
2024-09-25,1672,0,system_level
2024-09-26,1715,0,system_level
2024-09-27,1714,0,system_level
2024-09-28,1804,0,system_level
2024-09-29,1691,0,system_level
2024-09-30,1466,0,system_level
2024-10-01,1538,0,system_level
2024-10-02,1760,0,system_level
2024-10-03,1694,0,system_level
2024-10-04,1664,0,system_level
2024-10-05,1643,0,system_level
2024-10-06,1458,0,system_level
2024-10-07,1548,0,system_level
2024-10-08,1592,0,system_level
2024-10-09,1462,0,system_level
2024-10-10,1588,0,system_level
2024-10-11,1625,0,system_level
2024-10-12,1724,0,system_level
2024-10-13,2825,0,system_level
2024-10-14,1491,0,system_level
2024-10-15,1482,0,system_level
2024-10-16,1417,0,system_level
2024-10-17,1436,0,system_level
2024-10-18,1711,0,system_level
2024-10-19,1478,0,system_level
2024-10-20,1469,0,system_level
2024-10-21,1535,0,system_level
2024-10-22,1609,0,system_level
2024-10-23,1570,0,system_level
2024-10-24,1385,0,system_level
2024-10-25,1645,0,system_level
2024-10-26,1421,0,system_level
2024-10-27,1410,0,system_level
2024-10-28,1327,0,system_level
2024-10-29,1443,0,system_level
2024-10-30,1605,0,system_level
2024-10-31,1459,0,system_level
2024-11-01,1817,0,system_level
2024-11-02,1211,0,system_level
2024-11-03,1344,0,system_level
2024-11-04,1361,0,system_level
2024-11-05,1482,0,system_level
2024-11-06,1217,0,system_level
2024-11-07,1465,0,system_level
2024-11-08,1345,0,system_level
2024-11-09,1672,0,system_level
2024-11-10,1415,0,system_level
2024-11-11,1147,0,system_level
2024-11-12,1332,0,system_level
2024-11-13,1370,0,system_level
2024-11-14,1401,0,system_level
2024-11-15,1395,0,system_level
2024-11-16,1437,0,system_level
2024-11-17,1184,0,system_level
2024-11-18,1247,0,system_level
2024-11-19,1208,0,system_level
2024-11-20,1280,0,system_level
2024-11-21,1385,0,system_level
2024-11-22,1271,0,system_level
2024-11-23,1024,0,system_level
2024-11-24,1205,0,system_level
2024-11-25,1115,0,system_level
2024-11-26,1089,0,system_level
2024-11-27,1135,0,system_level
2024-11-28,790,0,system_level
2024-11-29,979,0,system_level
2024-11-30,1163,0,system_level
2024-12-01,1042,0,system_level
2024-12-02,1061,0,system_level
2024-12-03,1190,0,system_level
2024-12-04,1113,0,system_level
2024-12-05,1079,0,system_level
2024-12-06,1003,0,system_level
2024-12-07,1247,0,system_level
2024-12-08,1029,0,system_level
2024-12-09,1023,0,system_level
2024-12-10,1106,0,system_level
2024-12-11,1113,0,system_level
2024-12-12,1027,0,system_level
2024-12-13,990,0,system_level
2024-12-14,1069,0,system_level
2024-12-15,888,0,system_level
2024-12-16,891,0,system_level
2024-12-17,1092,0,system_level
2024-12-18,1110,0,system_level
2024-12-19,1040,0,system_level
2024-12-20,852,0,system_level
2024-12-21,919,0,system_level
2024-12-22,933,0,system_level
2024-12-23,842,0,system_level
2024-12-24,543,0,system_level
2024-12-25,639,0,system_level
2024-12-26,878,0,system_level
2024-12-27,884,0,system_level
2024-12-28,836,0,system_level
2024-12-29,791,0,system_level
2024-12-30,873,0,system_level
2024-12-31,869,0,system_level
